<?xml version="1.0" encoding="UTF-8"?>
<project-private xmlns="http://www.netbeans.org/ns/project-private/1">
    <editor-bookmarks xmlns="http://www.netbeans.org/ns/editor-bookmarks/2" lastBookmarkId="0"/>
    <open-files xmlns="http://www.netbeans.org/ns/projectui-open-files/2">
        <group>
            <file>file:/C:/Users/ASUS/Desktop/projecta/Online_Voting_System/OnlineVoatingSystem/web/images/flag_center.png</file>
            <file>file:/C:/Users/ASUS/Desktop/projecta/Online_Voting_System/OnlineVoatingSystem/web/css/home.css</file>
            <file>file:/C:/Users/ASUS/Desktop/projecta/Online_Voting_System/OnlineVoatingSystem/web/index.jsp</file>
            <file>file:/C:/Users/ASUS/Desktop/projecta/Online_Voting_System/OnlineVoatingSystem/web/contactus.jsp</file>
            <file>file:/C:/Users/ASUS/Desktop/projecta/Online_Voting_System/OnlineVoatingSystem/web/sendOTP.jsp</file>
            <file>file:/C:/Users/ASUS/Desktop/projecta/Online_Voting_System/OnlineVoatingSystem/web/images/2.jpg</file>
            <file>file:/C:/Users/ASUS/Desktop/projecta/Online_Voting_System/OnlineVoatingSystem/web/welcome.jsp</file>
            <file>file:/C:/Users/ASUS/Desktop/projecta/Online_Voting_System/OnlineVoatingSystem/src/java/Test.java</file>
            <file>file:/C:/Users/ASUS/Desktop/projecta/Online_Voting_System/OnlineVoatingSystem/web/header.jsp</file>
            <file>file:/C:/Users/ASUS/Desktop/projecta/Online_Voting_System/OnlineVoatingSystem/web/password.jsp</file>
            <file>file:/C:/Users/ASUS/Desktop/projecta/Online_Voting_System/OnlineVoatingSystem/src/java/Password.java</file>
            <file>file:/C:/Users/ASUS/Desktop/projecta/Online_Voting_System/OnlineVoatingSystem/web/footer.jsp</file>
            <file>file:/C:/Users/ASUS/Desktop/projecta/Online_Voting_System/OnlineVoatingSystem/web/reg.jsp</file>
            <file>file:/C:/Users/ASUS/Desktop/projecta/Online_Voting_System/OnlineVoatingSystem/src/java/MyDb.java</file>
            <file>file:/C:/Users/ASUS/Desktop/projecta/Online_Voting_System/OnlineVoatingSystem/src/java/Vote.java</file>
            <file>file:/C:/Users/ASUS/Desktop/projecta/Online_Voting_System/OnlineVoatingSystem/src/java/Register.java</file>
            <file>file:/C:/Users/ASUS/Desktop/projecta/Online_Voting_System/OnlineVoatingSystem/web/aboutus.jsp</file>
            <file>file:/C:/Users/ASUS/Desktop/projecta/Online_Voting_System/OnlineVoatingSystem/web/css/header.css</file>
            <file>file:/C:/Users/ASUS/Desktop/projecta/Online_Voting_System/OnlineVoatingSystem/web/votercheck.jsp</file>
            <file>file:/C:/Users/ASUS/Desktop/projecta/Online_Voting_System/OnlineVoatingSystem/web/css/footer.css</file>
        </group>
    </open-files>
</project-private>
