<?xml version="1.0" encoding="UTF-8"?>
<project-private xmlns="http://www.netbeans.org/ns/project-private/1">
    <editor-bookmarks xmlns="http://www.netbeans.org/ns/editor-bookmarks/2" lastBookmarkId="0"/>
    <open-files xmlns="http://www.netbeans.org/ns/projectui-open-files/2">
        <group>
            <file>file:/H:/Inventory-Management-System-JSP-and-Servlets-master/web/Dashboard/views/Dealership.jsp</file>
            <file>file:/H:/Inventory-Management-System-JSP-and-Servlets-master/web/Dashboard/views/DB/DelPurchase.jsp</file>
            <file>file:/H:/Inventory-Management-System-JSP-and-Servlets-master/web/Dashboard/views/DB/EditDealer.jsp</file>
            <file>file:/H:/Inventory-Management-System-JSP-and-Servlets-master/web/Dashboard/views/DB/InsertSale2.jsp</file>
            <file>file:/H:/Inventory-Management-System-JSP-and-Servlets-master/web/Dashboard/views/DB/InsertSale.jsp</file>
            <file>file:/H:/Inventory-Management-System-JSP-and-Servlets-master/web/Dashboard/member.jsp</file>
            <file>file:/H:/Inventory-Management-System-JSP-and-Servlets-master/web/Dashboard/views/DB/EditPurchase.jsp</file>
            <file>file:/H:/Inventory-Management-System-JSP-and-Servlets-master/web/Dashboard/views/DB/InsertStaff.jsp</file>
            <file>file:/H:/Inventory-Management-System-JSP-and-Servlets-master/web/Dashboard/views/MemberList.jsp</file>
            <file>file:/H:/Inventory-Management-System-JSP-and-Servlets-master/web/Dashboard/views/Sale_print_member.jsp</file>
            <file>file:/H:/Inventory-Management-System-JSP-and-Servlets-master/web/Dashboard/views/DB/UpdatePurchase.jsp</file>
            <file>file:/H:/Inventory-Management-System-JSP-and-Servlets-master/web/logout.jsp</file>
            <file>file:/H:/Inventory-Management-System-JSP-and-Servlets-master/web/Dashboard/views/SaleSearch.jsp</file>
            <file>file:/H:/Inventory-Management-System-JSP-and-Servlets-master/web/Dashboard/views/DB/DelDealer.jsp</file>
            <file>file:/H:/Inventory-Management-System-JSP-and-Servlets-master/web/Dashboard/views/DB/EditMember.jsp</file>
            <file>file:/H:/Inventory-Management-System-JSP-and-Servlets-master/web/Dashboard/views/DB/UpdateDealer.jsp</file>
            <file>file:/H:/Inventory-Management-System-JSP-and-Servlets-master/web/Dashboard/views/DB/EditStaff.jsp</file>
            <file>file:/H:/Inventory-Management-System-JSP-and-Servlets-master/web/main.jsp</file>
            <file>file:/H:/Inventory-Management-System-JSP-and-Servlets-master/web/Dashboard/views/DB/InsertPurchase.jsp</file>
            <file>file:/H:/Inventory-Management-System-JSP-and-Servlets-master/web/Dashboard/views/SalesInfo.jsp</file>
            <file>file:/H:/Inventory-Management-System-JSP-and-Servlets-master/web/login2.jsp</file>
            <file>file:/H:/Inventory-Management-System-JSP-and-Servlets-master/web/Dashboard/views/DB/InsertMember.jsp</file>
            <file>file:/H:/Inventory-Management-System-JSP-and-Servlets-master/web/Dashboard/views/DB/UpdateStaff.jsp</file>
            <file>file:/H:/Inventory-Management-System-JSP-and-Servlets-master/web/Dashboard/views/DB/DelSale.jsp</file>
            <file>file:/H:/Inventory-Management-System-JSP-and-Servlets-master/web/Dashboard/views/MemberShip.jsp</file>
            <file>file:/H:/Inventory-Management-System-JSP-and-Servlets-master/web/Dashboard/views/Sale_print_walk.jsp</file>
            <file>file:/H:/Inventory-Management-System-JSP-and-Servlets-master/web/Dashboard/supplier.jsp</file>
            <file>file:/H:/Inventory-Management-System-JSP-and-Servlets-master/web/Dashboard/views/DB/InsertDealer.jsp</file>
            <file>file:/H:/Inventory-Management-System-JSP-and-Servlets-master/web/Dashboard/views/ProductList.jsp</file>
            <file>file:/H:/Inventory-Management-System-JSP-and-Servlets-master/web/Dashboard/views/DB/SearchSale.jsp</file>
            <file>file:/H:/Inventory-Management-System-JSP-and-Servlets-master/web/index.jsp</file>
            <file>file:/H:/Inventory-Management-System-JSP-and-Servlets-master/web/Dashboard/views/DB/DelStaff.jsp</file>
            <file>file:/H:/Inventory-Management-System-JSP-and-Servlets-master/web/Dashboard/views/DB/UpdateMember.jsp</file>
            <file>file:/H:/Inventory-Management-System-JSP-and-Servlets-master/web/Dashboard/views/DB/DelMember.jsp</file>
            <file>file:/H:/Inventory-Management-System-JSP-and-Servlets-master/web/Dashboard/views/Staff.jsp</file>
        </group>
    </open-files>
</project-private>
